English Name,Chinese Name,Website URL,Country,Picture (Milkpowder A-B)
A2 Platinum,A2 ??,http://www.a2milk.com.au/faq.php,New Zealand,A2-Platinum Folder (1 pic)
Adapta,???,http://www.adaptababy.com/,New Zealand,Adapta Folder (9 pics)
Biostime Adimil,??? ??,http://www.biostime.com.cn/jsp/brand/product1_sujia.jsf,France,Biostime-Adimil (5 pics)
Aiyumye,???,http://www.aiyumye.com/,Australia,Aiyumye Folder (5 pics)
Alpreen,???,http://www.alpreen.com/,Switzerland,Alpreen Folder (4 pics)
Anbolac,???,http://www.anbolac.com/main.asp,New Zealand,Anbolac Folder (3 pics)
Anenpro,???,http://www.anenpro.com/,New Zealand,Anenpro Folder (3 pics)
Neufit Audolly,??? ???,http://www.neufit.cc/products/,Australia,Audolly Folder (1 pics)
AuSupp,??,http://www.ausupp.com/,Australia,Ausupp Folder (3 pics)
BabyLuv,???,http://www.babyluvchina.com/index.asp,Australia,Babyluv Folder (3 pics)
Be Strong,???,http://www.howell.com.cn/BProductList.aspx?cid=33,China,Be-Strong Folder (30 pics)
Bellakt,???,http://www.bellakt.com/en/,Belarus,Bellakt Folder (6 pics)
Bestl,???,http://www.bestl.com.cn/,New Zealand,Bestl Folder (3 pics)
Best mom,???,http://www.beisimu.com/,Netherlands,Best-mom Folder (4 pics)
Beyla,?,?,?,?
Careriant,???,http://www.careriant.com/,New Zealand,Careriant Folder (4 pics)
Bimbosan,??,http://www.chbimbosan.com/,Switzerland,Bimbosan Folder (7 pics)
Neufit Biodolly,,,,
Bonbebe,???,http://www.bonbebe.nl/,Netherlands,Bonbebe Folder (3 pics)
Bottsm,???,http://www.bottsm.com.cn/,New Zealand,Bottsm Folder (3 pics)
Bright Beginnings,???,http://www.brightbeginnings.com.cn/,America,Bright-Beginnings (5 pics)
Cambriland ,???,http://www.cambricare.com.cn/,New Zealand,Cambriland Folder (13 Pics)
Careriant,???,http://www.careriant.com/index.html,New Zealand,Careriant Folder (4 Pics)
Celia,???,http://www.celia.cn/,France,Celia Folder (6 Pics)
Chenying,??,http://www.chenyingdairy.com/main.html,China,Chenying Folder (81 Pics)
Cuddle Care,???,http://www.cuddlecare.com.cn/,Australia,Cuddle Care Folder (3 Pics) 
Dolfant,???,http://www.dolfant.cn/,New Zealand,Dolfant Folder (3 Pics)
Dorlat,???,http://www.dorlat.cn/,Spain,Dorlat Folder (3 Pics)
Dumex,???,http://www.dumex.com.cn/index.html,France,Dumex Folder (9 Pics)
Ekobaby,???,http://www.ekobaby.cn/,Netherlands,Ekobaby Folder (9 Pics)
Enloit,???,http://www.sebrry.com/,China,Enloit Folder (3 Pics)
Evernature,??,?,Australia,Evernature Folder (4 Pics)
Fernbaby,???,http://www.fernbaby.co.nz/,New Zealand,Fernbaby Folder (6 Pics)
Fornulife,??,http://www.fornulife.com/,Australia,Fornulife Folder (3 Pics)
Friso,????,http://www.frisochina.com/,Netherlands,Friso Folder (5 Pics)
Cambriland ,???,http://www.cambricare.com.cn/,New Zealand,Cambriland Folder (13 Pics)
Careriant,???,http://www.careriant.com/index.html,New Zealand,Careriant Folder (4 Pics)
Celia,???,http://www.celia.cn/,France,Celia Folder (6 Pics)
Chenying,??,http://www.chenyingdairy.com/main.html,China,Chenying Folder (81 Pics)
Cuddle Care,???,http://www.cuddlecare.com.cn/,Australia,Cuddle Care Folder (3 Pics) 
Dolfant,???,http://www.dolfant.cn/,New Zealand,Dolfant Folder (3 Pics)
Dorlat,???,http://www.dorlat.cn/,Spain,Dorlat Folder (3 Pics)
Dumex,???,http://www.dumex.com.cn/index.html,France,Dumex Folder (9 Pics)
Ekobaby,???,http://www.ekobaby.cn/,Netherlands,Ekobaby Folder (9 Pics)
Enloit,???,http://www.sebrry.com/,China,Enloit Folder (3 Pics)
Evernature,??,?,Australia,Evernature Folder (4 Pics)
Fernbaby,???,http://www.fernbaby.co.nz/,New Zealand,Fernbaby Folder (6 Pics)
Fornulife,??,http://www.fornulife.com/,Australia,Fornulife Folder (3 Pics)
Friso,????,http://www.frisochina.com/,Netherlands,Friso Folder (5 Pics)
Karicare,???,http://www.nutriciababy.co.nz/,New Zealand,Karicare Folder (3 Pics)
Nutrilon,???,http://www.nutrilonstandard.com.cn/,Netherlands,Nutrilon Folder (3 Pics)
Origimel,??,http://www.origimel.com.cn/,Switzerland,Origimel Folder (3 Pics)
Prebiotic,???,http://www.chgry.com/,New Zealand,Prebiotic Folder (3 pics)
Pure Canterbury,????,http://www.4007001717.com.cn/,New Zealand,Pure Canterbury Folder (7 Pics)
Purel,??,http://www.purel.com.cn/,New Zealand,Purel Canterbury Folder (11 Pics)
Meano,??,http://www.meano.co.nz/,Netherlands and New Zealand,meano 3 pics
Mibaby,????,http://www.mamibaby.cc/,France,mibaby 3 pics
Ozmilko,???,http://www.ozmilko.cn/,Australia,milko 3 pics
Milkymix,?,?,?,?
Morinaga,??,http://morinaga.tmall.com,Netherlands,morinaga 3 pics
Mum's pride,??,http://livingpasturesnz.com/,New Zealand ,mum's pride 3 pics
Natrapure,???,http://www.natrapure.com.cn/,swiss,natrapure 6 pics
NBST,????,http://www.nbst.cc/,New Zealand ,NBST 28 pics
Neufit,???,http://www.neufit.cc/,Australia,Neufit 6 pics
Newborn,??,http://www.yingdun.cn/,New Zealand ,newborn 4 pics
Newciyo,???,http://www.newciyo.com,New Zealand ,newciyo 3 pics
Newmuk,??,http://www.newmuk.com/,New Zealand ,newmuk 3 pics
Purel,??,http://buer.tmall.com,New Zealand ,purel 3 pics
Sunlife,????,http://www.sunlife.com.cn,New Zealand ,sunlife 1 pic
Suprememil,????,http://suprememil.com/,swiss,suprememil 7 pics
Talent,??,http://www.duoen.net/,China,talent 6 pics
Tanilac,???,http://www.baihuibio.com/babyfood/tanilacmilk/,Germany,Tanilac 6 pic
Mingdaoxiu,???,http://mingdaoxiu.tmall.com,Korea,mingdaoxiu 3 pics
Infavita,???,http://www.infavita.com/,New Zealand ,Infavita 3 pics
Zeasure,??,http://www.zeasure.com/,American,zeasure 3 pics
Ultru,??,http://www.auspi.cn,American,Ultru 3 pics
Uprise,??,http://uprise.tmall.com,New Zealand ,uprise 3 pics
Wissun,??,http://www.wissun.com/,China,wissun 11 pics
Wyeth,??,http://www.wyethbb.com.cn,New Zealand ,Wyeth 9 pics
Yabais,???,http://www.yabais.com,Australia,Yahais 12 pics
Youthbase,????,http://www.youthbase.cc/,New Zealand ,youthbase 12 pics
